{"stats":{"minecraft:crafted":{"minecraft:dark_oak_planks":44,"minecraft:stone_axe":1,"minecraft:crafting_table":1,"minecraft:stick":8,"minecraft:wooden_pickaxe":1,"minecraft:stone_pickaxe":1},"minecraft:mined":{"minecraft:grass_block":1,"minecraft:dark_oak_leaves":15,"minecraft:dark_oak_log":35,"minecraft:stone":36,"minecraft:oak_leaves":1,"minecraft:crafting_table":1},"minecraft:dropped":{"minecraft:wooden_pickaxe":1},"minecraft:custom":{"minecraft:time_since_rest":108,"minecraft:crouch_one_cm":3392,"minecraft:play_time":8419,"minecraft:sprint_one_cm":14646,"minecraft:deaths":1,"minecraft:damage_taken":225,"minecraft:walk_one_cm":6136,"minecraft:sneak_time":1809,"minecraft:walk_under_water_one_cm":2170,"minecraft:drop":1,"minecraft:jump":164,"minecraft:damage_dealt":15,"minecraft:leave_game":2,"minecraft:time_since_death":0,"minecraft:walk_on_water_one_cm":208,"minecraft:total_world_time":8419,"minecraft:swim_one_cm":6968,"minecraft:interact_with_crafting_table":3,"minecraft:fly_one_cm":25216,"minecraft:fall_one_cm":6554},"minecraft:picked_up":{"minecraft:dark_oak_sapling":1,"minecraft:crafting_table":1,"minecraft:dark_oak_log":35,"minecraft:dirt":1,"minecraft:cobblestone":36},"minecraft:used":{"minecraft:stone_axe":27,"minecraft:dark_oak_log":18,"minecraft:crafting_table":1,"minecraft:stone_pickaxe":32,"minecraft:wooden_pickaxe":14}},"DataVersion":3953}